<?xml version="1.0" encoding="UTF-8"?>

<!DOCTYPE tiles-definitions PUBLIC 
    "-//Apache Software Foundation//DTD Tiles Configuration 2.0//EN" 
    "http://tiles.apache.org/dtds/tiles-config_2_0.dtd">
<tiles-definitions>
    <definition name="default-layout" template="/WEB-INF/tiles/components/default-layout.jsp">
        <put-attribute name="head" value="/WEB-INF/tiles/components/head.jsp" />
        <put-attribute name="footer" value="/WEB-INF/tiles/components/footer.jsp" />
        <put-attribute name="navi" value="/WEB-INF/tiles/components/navi.jsp" />
        <put-attribute name="content" value="" />
    </definition>
    
    <definition name="*" extends="default-layout">
        <put-attribute name="content" value="/WEB-INF/views/{1}.jsp" />
    </definition>
    <definition name="*/*" extends="default-layout">
        <put-attribute name="content" value="/WEB-INF/views/{1}/{2}.jsp" />
    </definition>
    <definition name="*/*/*" extends="default-layout">
        <put-attribute name="content" value="/WEB-INF/views/{1}/{2}/{3}.jsp" />
    </definition>
        <definition name="*/*/*/*" extends="default-layout">
        <put-attribute name="content" value="/WEB-INF/views/{1}/{2}/{3}/{4}.jsp" />
    </definition>
</tiles-definitions>