<?xml version="1.0" encoding="UTF-8"?>
<!DOCTYPE mapper
    PUBLIC "-//mybatis.org//DTD Mapper 3.0//EN"
    "http://mybatis.org/dtd/mybatis-3-mapper.dtd">




<!-- DAO의 역할을 대신한다 속성 namespace : 해당 Mapper파일을 호출하기 위해 정의한 인터페이스(서비스객체)의 
	패키지를 포함한 풀경로를 기술한다. id : 실제 호출되는 함수명과 동일한 이름으로 기술한다. resultType : 쿼리 실행후 
	반환되는 값의 타입을 명시한다. parameterType : 쿼리문에서 사용할 파라미터를 저장한 객체의 타입을 명시한다.(주요 DTO, 
	VO객체) -->
<!-- Mybatis 쿼리 성공시 반환값 select : select문에 해당하는 결과를 반환한다. 아래와 같이 select결과가 
	MyBoardDTO타입이라면 패키지명을 포함한 클래스의 경로를 resultType에 기술한다. 만약 여러개의 레코드가 반환되면 List계열의 
	컬렉션에 저장되어 반환된다. insert : 입력성공시 1, 실패시 0을 반환한다. 만약 insert가 여러번 되더라도 성공시에는 
	1을 반환하게된다. update/delete : 수정/삭제에 성공한 행의 갯수를 반환한다. 조건에 따라 여러개의 레코드가 적용될 수 
	있으므로 0,1이 아닌 더 큰값이 반환될 수도 있다. 실패의 경우 0이 반환된다. -->
<!-- 
	${sample} 과 #{sample} 의 차이점 
	쿼리문 작성시 싱글쿼테이션을 자동으로 붙여준다
		select * from dual where ${sample} => 	select * from dual where sample
		select * from dual where #{sample} => 	select * from dual where 'sample'
-->

<mapper namespace="listMybatis.MybatisDAOImpl">
	<!--방명록 리스트 게시물 갯수 카운트 -->
	<!--검색어처리 : 검색어가 있는경우와 없는 경우를 구분하여 동적쿼리로
	처리하고 싶을때 아래와 같이 if문을 사용한다. 사용법은 JSTL과 동일하다.
	< if test='조건' >
	-->
	<!-- <select id="getTotalCount" resultType="int"
		parameterType="parameterDTO.ParamDTO">
		SELECT COUNT(*) FROM infopage
		<if test="searchTxt != null and !searchTxt.equals('')">
			WHERE ${searchField} LIKE '%'||#{searchTxt}||'%'
		</if>
	</select> -->

	<!-- 방명록리스트 : start와 end 에 해당하는 게시물 가져오기 -->
	<!-- 
		<select id="listPage" resultType="mybatis.MyBoardDTO"> 
		SELECT * FROM 
			( SELECT Tb.*, rownum rNum FROM 
				( SELECT * FROM myboard ORDER BY idx DESC ) 
			Tb ) 
		WHERE rNum BETWEEN #{param1} AND #{param2} </select> 
	-->

<!-- 	<select id="infolist" resultType="listMybatis.MyBoardDTO"
		parameterType="parameterDTO.ParamDTO">
		SELECT * FROM (
			SELECT Tb.*, rownum rNum FROM (
				SELECT * FROM infopage
				<if test="searchTxt != null and !searchTxt.equals('')">
					WHERE ${searchField} LIKE '%'||#{searchTxt}||'%'
				</if>
				ORDER BY idx DESC
			) Tb
		)
		WHERE rNum BETWEEN #{start} AND #{end}
	</select> -->


	<!-- <update id="write">
		INSERT INTO infopage (idx, id, name, contents)
		VALUES
		(myboard_seq.NEXTVAL, #{_id}, #{_name}, #{_contents})
	</update> -->

	<!-- 매개변수로 전달된 DTO객체의 멤버변수명만 명시하면 내부적으로
		 getter()를 호출하여 값을 얻어올수있다. (EL과 동일한 기능) -->
	<!--수정폼 로딩 -->
	<!-- <select id="view" resultType="listMybatis.MyBoardDTO"
		parameterType="parameterDTO.ParamDTO">
		SELECT * FROM infopage WHERE idx = #{board_idx} AND
		id=#{user_id}
	</select> -->
	
	<!--수정처리 -->
	<!-- <update id="modify" parameterType="listMybatis.MyBoardDTO">
      UPDATE infopage
         SET name=#{name}, contents=#{contents}
         WHERE idx=#{idx} AND id=#{id}
   </update> -->
	
	<!-- <delete id="delete">
		DELETE FROM infopage WHERE idx=#{param1} AND id=#{param2}
	</delete> -->

</mapper>




















