<?xml version="1.0" encoding="UTF-8"?>
<beans xmlns="http://www.springframework.org/schema/beans"
	xmlns:xsi="http://www.w3.org/2001/XMLSchema-instance"
	xmlns:sec="http://www.springframework.org/schema/security"
	xsi:schemaLocation="http://www.springframework.org/schema/security http://www.springframework.org/schema/security/spring-security-4.2.xsd
		http://www.springframework.org/schema/beans http://www.springframework.org/schema/beans/spring-beans.xsd">



<sec:http>
<!--로그인 페이지는 권한을 얻은 후 접근하는 것이 아니라 권한이 없는 사용자가 권한을 얻기위해
	접근하게 되므로 모든 사용자가 접근할 수 있도록 설정해야한다.  -->
	<sec:intercept-url pattern="/member/login" access="permitAll"/>
	<!--  
	<sec:intercept-url pattern="/추가권한필요페이지/**" access="hasRole('USER')"/>
	-->
	
	<sec:intercept-url pattern="/admin/**" access="hasRole('ADMIN')"/>
	<!-- <sec:intercept-url pattern="//**" access="hasAnyRole('USER, ADMIN')"/> -->
	<sec:intercept-url pattern="/**" access="permitAll"/>
	<!--default-target-url ="/" : 로그인 성공하면 메인페이지로 이동하도록 설정함  -->
	<sec:form-login 
		login-page="/member/login"
		default-target-url="/admin/main"
		authentication-failure-url="/member/login?error"
		login-processing-url="/member/loginAction"
		username-parameter="email" 
		password-parameter="pass"/>
	<sec:logout
		logout-url="/member/logout"
		logout-success-url="/"/>
	<sec:access-denied-handler error-page="/member/accessDenied.do"/>
	<!-- 
	<sec:openid-login>
		<sec:attribute-exchange>
			<sec:openid-attribute name="email" type="http://axschema.org/contact/email"/>
		</sec:attribute-exchange>
	</sec:openid-login>
 -->
	<sec:session-management>
		<sec:concurrency-control max-sessions="1"/>
	</sec:session-management>
</sec:http>

<!-- 
<sec:authentication-manager>
    <sec:authentication-provider>
        <sec:user-service>
            <sec:user name="kosmo_admin1" password="1234" authorities="ROLE_ADMIN"/>
        </sec:user-service>
    </sec:authentication-provider>
</sec:authentication-manager>
-->

<!--각 권한에 해당하는 아이디를 가져온다.  -->
<sec:authentication-manager>
	<sec:authentication-provider>
		<sec:jdbc-user-service 
			data-source-ref="dataSource"
			role-prefix="" 
			users-by-username-query="SELECT email, pass, enabled
				FROM alouer_member WHERE email=?"
			authorities-by-username-query=
				"SELECT email, authority FROM alouer_member WHERE email=?"/>
	</sec:authentication-provider>
</sec:authentication-manager>

</beans>



<!--
security taglib을 사용하겠다는 선언을 해주어야 합니다.
security-context.xml에 http에 다음과 같이 추가합니다.
출처: https://goldenraccoon.tistory.com/entry/로그인-여부에-따라-메뉴-숨기고-나타내기-SECURITY [황금너구리 블로그]  -->
<!-- <sec:http auto-config="true" use-expressions="true"></sec:http> -->


<!--  
hasRole([role])	현재 로그인한 주체(principal)가 권한을 가지고 있으면 true 반환
hasAnyRole([role1,role2])	현재 로그인한 주체가 제공된 권한 중 하나라도 가지고 있으면 true 반환 (쉼표로 여러 개의 권한 목록 지정 가능)
principal	현재 로그인한 사용자를 나타내는 객체에 직접 액세스할 수 있다.
authentication	SecurityContext에서 얻은 현재 Authentication 객체에 직접 액세스할 수 있다.
permitAll	모든 사용자 접근 가능 (Always evaluates to true)
denyAll	모든 사용자 접근 불가능 (Always evaluates to false)
isAnonymous()	현재 로그인한 사용자가 익명 사용자(anonymous user)인 경우 true 반환
isRememberMe()	현재 로그인한 사용자가 기억하고 있는 사용자(remember-me user)인 경우 true 반환
isAuthenticated()	현재 로그인한 사용자가 익명이 아닌 경우 true 반환 (인증만 되어 있으면 접근 허용)
isFullyAuthenticated()	현재 로그인한 사용자가 익명 또는 기억하고 있는 사용자가 아닌 경우 true 반환
https://gmlwjd9405.github.io/2019/01/03/spring-security.html
-->
